class,lesson,section,word_en,word_vn,word_pt,image_name,image_url
2,05,job,Farmer,Nông dân,fazendeiro,C2L05-Farmer.jpg,class2/images/C2L05-Farmer.jpg
2,05,job,Baker,Thợ làm bánh,padeiro,C2L05-Baker.jpg,class2/images/C2L05-Baker.jpg
2,05,job,Driver,Người lái xe,motorista,C2L05-Driver.jpg,class2/images/C2L05-Driver.jpg
2,05,job,Housewife,Bà nội trợ,dona de casa,C2L05-Housewife.jpg,class2/images/C2L05-Housewife.jpg
2,05,job,Businessman,Doanh nhân,empresário,C2L05-Businessman.jpg,class2/images/C2L05-Businessman.jpg
2,05,job,Cameraman,Người quay phim,cinegrafista,C2L05-Cameraman.jpg,class2/images/C2L05-Cameraman.jpg
2,05,job,Postman,Người đưa thư,carteiro,C2L05-Postman.jpg,class2/images/C2L05-Postman.jpg
2,05,job,Mechanic,Thợ sửa máy móc,mecânico,C2L05-Mechanic.jpg,class2/images/C2L05-Mechanic.jpg
2,05,job,Receptionist,Tiếp tân,recepcionista,C2L05-Receptionist.jpg,class2/images/C2L05-Receptionist.jpg
2,05,job,Dentist,Nha sĩ,dentista,C2L05-Dentist.jpg,class2/images/C2L05-Dentist.jpg
2,05,job,Artist,Nghệ sĩ,artista,C2L05-Artist.jpg,class2/images/C2L05-Artist.jpg
2,05,job,Supervisor,Người giám sát,gerente,C2L05-Supervisor.jpg,class2/images/C2L05-Supervisor.jpg
2,05,job,Professor,Giáo sư,professor,C2L05-Professor.jpg,class2/images/C2L05-Professor.jpg
2,05,father,Confident,Tự tin,seguro,C2L05-Confident.jpg,class2/images/C2L05-Confident.jpg
2,05,father,Shy,Nhút nhát,tímido,C2L05-Shy.jpg,class2/images/C2L05-Shy.jpg
2,05,father,Strict,Nghiêm khắc,rigoroso,C2L05-Strict.jpg,class2/images/C2L05-Strict.jpg
2,05,father,Easy-going,Dễ tính,descontraído,C2L05-Easy-going.jpg,class2/images/C2L05-Easy-going.jpg
2,05,father,Talkative,Nói nhiều,falante,C2L05-Talkative.jpg,class2/images/C2L05-Talkative.jpg
2,05,father,Quiet,Trầm tính,quieto,C2L05-Quiet.jpg,class2/images/C2L05-Quiet.jpg
2,05,father,Interesting,Thú vị,interessante,C2L05-Interesting.jpg,class2/images/C2L05-Interesting.jpg
2,05,father,Boring,Nhàm chán,chato,C2L05-Boring.jpg,class2/images/C2L05-Boring.jpg
2,05,father,Caring,Quan tâm,cuidadoso,C2L05-Caring.jpg,class2/images/C2L05-Caring.jpg
2,05,father,Carefree,Vô tâm,despreocupado,C2L05-Carefree.jpg,class2/images/C2L05-Carefree.jpg
2,05,father,Dependent,Độc lập,dependente,C2L05-Dependent.jpg,class2/images/C2L05-Dependent.jpg
2,05,father,Independent,Phụ thuộc,independente,C2L05-Independent.jpg,class2/images/C2L05-Independent.jpg
2,05,father,Hot-tempered,Nóng tính,colérico,C2L05-Hot-tempered.jpg,class2/images/C2L05-Hot-tempered.jpg
2,05,father,Even-tempered,Điềm tĩnh,equilibrado,C2L05-Even-tempered.jpg,class2/images/C2L05-Even-tempered.jpg
2,05,father,Mature,Trưởng thành,maduro,C2L05-Mature.jpg,class2/images/C2L05-Mature.jpg
2,05,father,Childish,Con nít,infantil,C2L05-Childish.jpg,class2/images/C2L05-Childish.jpg
2,05,parentsdo,Smoke cigarettes,,fumar cigarros,C2L05-Smoke-cigarettes.jpg,class2/images/C2L05-Smoke-cigarettes.jpg
2,05,parentsdo,Get up early,,levantar-se cedo,C2L05-Get-up-early.jpg,class2/images/C2L05-Get-up-early.jpg
2,05,parentsdo,Go to bed late,,deitar-se tarde,C2L05-Go-to-bed-late.jpg,class2/images/C2L05-Go-to-bed-late.jpg
2,05,parentsdo,Eat a lot of candies,,comer muitos doces,C2L05-Eat-a-lot-of-candies.jpg,class2/images/C2L05-Eat-a-lot-of-candies.jpg
2,05,parentsdo,Cook meals,,cozinhar refeições,C2L05-Cook-meals.jpg,class2/images/C2L05-Cook-meals.jpg
2,05,parentsdo,Do the laundry,,lavar as roupas,C2L05-Do-the-laundry.jpg,class2/images/C2L05-Do-the-laundry.jpg
2,05,parentsdo,Mop the floor,,esfregar o chão,C2L05-Mop-the-floor.jpg,class2/images/C2L05-Mop-the-floor.jpg
2,05,parentsdo,Feed the dog,,alimentar o cachorro,C2L05-Feed-the-dog.jpg,class2/images/C2L05-Feed-the-dog.jpg
2,05,parentsdo,Make most of the decisions,,tomar a maioria das decisões,C2L05-Make-most-of-the-decisions.jpg,class2/images/C2L05-Make-most-of-the-decisions.jpg
2,05,parentsdo,Argue with you,,brigar com você,C2L05-Argue-with-you.jpg,class2/images/C2L05-Argue-with-you.jpg
2,05,parentsdo,Call you when you go out late at night,,ligar para você se sair tarde de noite,C2L05-Call-you-when-you-go-out-late-at-night.jpg,class2/images/C2L05-Call-you-when-you-go-out-late-at-night.jpg
2,03,dailyroutine,Get up/ wake up,Thức dậy,,C2L03-Get-up-wake-up.jpg,class2/images/C2L03-Get-up-wake-up.jpg
2,03,dailyroutine,Make my bed,Gấp chăn màn,,C2L03-Make-my-bed.jpg,class2/images/C2L03-Make-my-bed.jpg
2,03,dailyroutine,Brush my teeth,Đánh răng,,C2L03-Brush-my-teeth.jpg,class2/images/C2L03-Brush-my-teeth.jpg
2,03,dailyroutine,Wash my face,Rửa mặt,,C2L03-Wash-my-face.jpg,class2/images/C2L03-Wash-my-face.jpg
2,03,dailyroutine,Comb my hair,Chải tóc,,C2L03-Comb-my-hair.jpg,class2/images/C2L03-Comb-my-hair.jpg
2,03,dailyroutine,Get dressed,Thay quần áo,,C2L03-Get-dressed.jpg,class2/images/C2L03-Get-dressed.jpg
2,03,dailyroutine,Put on makeup,Trang điểm,,C2L03-Put-on-makeup.jpg,class2/images/C2L03-Put-on-makeup.jpg
2,03,dailyroutine,Have breakfast,Ăn sáng,,C2L03-Have-breakfast.jpg,class2/images/C2L03-Have-breakfast.jpg
2,03,dailyroutine,lunch,trưa,,C2L03-lunch.jpg,class2/images/C2L03-lunch.jpg
2,03,dailyroutine,dinner,tối,,C2L03-dinner.jpg,class2/images/C2L03-dinner.jpg
2,03,dailyroutine,Have a cup of coffee,Uống ly cà phê,,C2L03-Have-a-cup-of-coffee.jpg,class2/images/C2L03-Have-a-cup-of-coffee.jpg
2,03,dailyroutine,tea,trà,,C2L03-tea.jpg,class2/images/C2L03-tea.jpg
2,03,dailyroutine,Go to work,Đi làm,,C2L03-Go-to-work.jpg,class2/images/C2L03-Go-to-work.jpg
2,03,dailyroutine,school,học,,C2L03-school.jpg,class2/images/C2L03-school.jpg
2,03,dailyroutine,by taxi,bằng xe taxi,,C2L03-by-taxi.jpg,class2/images/C2L03-by-taxi.jpg
2,03,dailyroutine,by bus,buýt,,C2L03-by-bus.jpg,class2/images/C2L03-by-bus.jpg
2,03,dailyroutine,by car,hơi,,C2L03-by-car.jpg,class2/images/C2L03-by-car.jpg
2,03,dailyroutine,by motorbike,máy,,C2L03-by-motorbike.jpg,class2/images/C2L03-by-motorbike.jpg
2,03,dailyroutine,Finish my work,Xong việc,,C2L03-Finish-my-work.jpg,class2/images/C2L03-Finish-my-work.jpg
2,03,dailyroutine,and come back home,và trở về nhà,,C2L03-and-come-back-home.jpg,class2/images/C2L03-and-come-back-home.jpg
2,03,dailyroutine,Do some exercises,Tập thể dục,,C2L03-Do-some-exercises.jpg,class2/images/C2L03-Do-some-exercises.jpg
2,03,dailyroutine,Play sports,chơi thể thao,,C2L03-Play-sports.jpg,class2/images/C2L03-Play-sports.jpg
2,03,dailyroutine,Take a bath,Tắm bồn tắm,,C2L03-Take-a-bath.jpg,class2/images/C2L03-Take-a-bath.jpg
2,03,dailyroutine,take a shower,tắm vòi hoa sen,,C2L03-take-a-shower.jpg,class2/images/C2L03-take-a-shower.jpg
2,03,dailyroutine,Watch TV,Xem TV,,C2L03-Watch-TV.jpg,class2/images/C2L03-Watch-TV.jpg
2,03,dailyroutine,Talk to my mother on the phone,Nói chuyện với mẹ qua điện thoại,,C2L03-Talk-to-my-mother-on-the-phone.jpg,class2/images/C2L03-Talk-to-my-mother-on-the-phone.jpg
2,03,dailyroutine,Surf facebook,Lướt facebook,,C2L03-Surf-facebook.jpg,class2/images/C2L03-Surf-facebook.jpg
2,03,dailyroutine,Go to bed,Đi ngủ,,C2L03-Go-to-bed.jpg,class2/images/C2L03-Go-to-bed.jpg
2,03,dailyroutine,Set an alarm clock at 7 for the next morning,Hẹn báo thức vào 7 giờ cho buổi sáng hôm sau,,C2L03-Set-an-alarm-clock-at-7-for-the-next-morning.jpg,class2/images/C2L03-Set-an-alarm-clock-at-7-for-the-next-morning.jpg
1,10,all,Excited About,,,C1L10-Excited-About.jpg,class1/images/C1L10-Excited-About.jpg
1,10,all,Interested In,,,C1L10-Interested-In.jpg,class1/images/C1L10-Interested-In.jpg
1,10,all,Bored With,,,C1L10-Bored-With.jpg,class1/images/C1L10-Bored-With.jpg
1,10,all,Happy With,,,C1L10-Happy-With.jpg,class1/images/C1L10-Happy-With.jpg
1,10,all,Disappointed With,,,C1L10-Disappointed-With.jpg,class1/images/C1L10-Disappointed-With.jpg
1,10,all,Satisfied With,,,C1L10-Satisfied-With.jpg,class1/images/C1L10-Satisfied-With.jpg
1,10,all,Impressed With,,,C1L10-Impressed-With.jpg,class1/images/C1L10-Impressed-With.jpg
1,10,all,Addicted To,,,C1L10-Addicted-To.jpg,class1/images/C1L10-Addicted-To.jpg
1,10,all,Worried About,,,C1L10-Worried-About.jpg,class1/images/C1L10-Worried-About.jpg
1,10,all,Nervous About,,,C1L10-Nervous-About.jpg,class1/images/C1L10-Nervous-About.jpg
1,10,all,Good At,,,C1L10-Good-At.jpg,class1/images/C1L10-Good-At.jpg
1,10,all,Bad At,,,C1L10-Bad-At.jpg,class1/images/C1L10-Bad-At.jpg
1,10,all,Angry About Something/ Angry at Someone,,,C1L10-Angry-About-Something-Angry-at-Someone.jpg,class1/images/C1L10-Angry-About-Something-Angry-at-Someone.jpg
1,10,all,Tired Of / Sick Of,,,C1L10-Tired-Of-Sick-Of.jpg,class1/images/C1L10-Tired-Of-Sick-Of.jpg
1,10,all,Afraid Of,,,C1L10-Afraid-Of.jpg,class1/images/C1L10-Afraid-Of.jpg
1,10,all,Full Of,,,C1L10-Full-Of.jpg,class1/images/C1L10-Full-Of.jpg
1,10,all,Responsible For,,,C1L10-Responsible-For.jpg,class1/images/C1L10-Responsible-For.jpg
1,10,all,Known For,,,C1L10-Known-For.jpg,class1/images/C1L10-Known-For.jpg
1,10,all,Discouraged By,,,C1L10-Discouraged-By.jpg,class1/images/C1L10-Discouraged-By.jpg
1,10,all,Used To,,,C1L10-Used-To.jpg,class1/images/C1L10-Used-To.jpg
1,10,all,Sorry For,,,C1L10-Sorry-For.jpg,class1/images/C1L10-Sorry-For.jpg
1,10,all,Thankful For,,,C1L10-Thankful-For.jpg,class1/images/C1L10-Thankful-For.jpg
2,09,items,Tie,,,C2L09-Tie.jpg,class2/images/C2L09-Tie.jpg
2,09,items,Hat,,,C2L09-Hat.jpg,class2/images/C2L09-Hat.jpg
2,09,items,Cap,,,C2L09-Cap.jpg,class2/images/C2L09-Cap.jpg
2,09,items,Clothes,,,C2L09-Clothes.jpg,class2/images/C2L09-Clothes.jpg
2,09,items,Shirt,,,C2L09-Shirt.jpg,class2/images/C2L09-Shirt.jpg
2,09,items,T-shirt,,,C2L09-T-shirt.jpg,class2/images/C2L09-T-shirt.jpg
2,09,items,Tank-top,,,C2L09-Tank-top.jpg,class2/images/C2L09-Tank-top.jpg
2,09,items,Jacket,,,C2L09-Jacket.jpg,class2/images/C2L09-Jacket.jpg
2,09,items,Sweater,,,C2L09-Sweater.jpg,class2/images/C2L09-Sweater.jpg
2,09,items,Dress,,,C2L09-Dress.jpg,class2/images/C2L09-Dress.jpg
2,09,items,Skirt,,,C2L09-Skirt.jpg,class2/images/C2L09-Skirt.jpg
2,09,items,Jeans,,,C2L09-Jeans.jpg,class2/images/C2L09-Jeans.jpg
2,09,items,Trousers,,,C2L09-Trousers.jpg,class2/images/C2L09-Trousers.jpg
2,09,items,Shorts,,,C2L09-Shorts.jpg,class2/images/C2L09-Shorts.jpg
2,09,items,Leggings,,,C2L09-Leggings.jpg,class2/images/C2L09-Leggings.jpg
2,09,items,Pants,,,C2L09-Pants.jpg,class2/images/C2L09-Pants.jpg
2,09,items,Swimsuit,,,C2L09-Swimsuit.jpg,class2/images/C2L09-Swimsuit.jpg
2,09,items,Underwear,,,C2L09-Underwear.jpg,class2/images/C2L09-Underwear.jpg
2,09,items,Shoes,,,C2L09-Shoes.jpg,class2/images/C2L09-Shoes.jpg
2,09,items,Sneakers,,,C2L09-Sneakers.jpg,class2/images/C2L09-Sneakers.jpg
2,09,items,High heels,,,C2L09-High-heels.jpg,class2/images/C2L09-High-heels.jpg
2,09,items,Sandals,,,C2L09-Sandals.jpg,class2/images/C2L09-Sandals.jpg
2,09,items,Glasses,,,C2L09-Glasses.jpg,class2/images/C2L09-Glasses.jpg
2,09,items,Sunglasses,,,C2L09-Sunglasses.jpg,class2/images/C2L09-Sunglasses.jpg
2,09,styles,Casual,,,C2L09-Casual.jpg,class2/images/C2L09-Casual.jpg
2,09,styles,Elegant,,,C2L09-Elegant.jpg,class2/images/C2L09-Elegant.jpg
2,09,styles,Conservative,,,C2L09-Conservative.jpg,class2/images/C2L09-Conservative.jpg
2,09,styles,provocative,,,C2L09-provocative.jpg,class2/images/C2L09-provocative.jpg
2,09,styles,Stylish,,,C2L09-Stylish.jpg,class2/images/C2L09-Stylish.jpg
2,09,styles,fashionable,,,C2L09-fashionable.jpg,class2/images/C2L09-fashionable.jpg
2,09,styles,trendy,,,C2L09-trendy.jpg,class2/images/C2L09-trendy.jpg
2,09,styles,Shocking,,,C2L09-Shocking.jpg,class2/images/C2L09-Shocking.jpg
2,09,styles,Classic,,,C2L09-Classic.jpg,class2/images/C2L09-Classic.jpg
2,09,styles,Glamorous,,,C2L09-Glamorous.jpg,class2/images/C2L09-Glamorous.jpg
2,09,styles,traditional,,,C2L09-traditional.jpg,class2/images/C2L09-traditional.jpg
2,09,styles,Comfortable,,,C2L09-Comfortable.jpg,class2/images/C2L09-Comfortable.jpg
2,09,styles,Old-fashioned,,,C2L09-Old-fashioned.jpg,class2/images/C2L09-Old-fashioned.jpg
2,09,shoppingplaces,Shopping center / mall,,,C2L09-Shopping-center-mall.jpg,class2/images/C2L09-Shopping-center-mall.jpg
2,09,shoppingplaces,Clothes store / shop,,,C2L09-Clothes-store-shop.jpg,class2/images/C2L09-Clothes-store-shop.jpg
2,09,shoppingplaces,Boutique,,,C2L09-Boutique.jpg,class2/images/C2L09-Boutique.jpg
2,09,shoppingplaces,Thrift shop,,,C2L09-Thrift-shop.jpg,class2/images/C2L09-Thrift-shop.jpg
2,09,haveyouever,Buy second-hand clothes,,,C2L09-Buy-second-hand-clothes.jpg,class2/images/C2L09-Buy-second-hand-clothes.jpg
2,09,haveyouever,Wear high heels,,,C2L09-Wear-high-heels.jpg,class2/images/C2L09-Wear-high-heels.jpg
2,09,haveyouever,Wear make-up,,,C2L09-Wear-make-up.jpg,class2/images/C2L09-Wear-make-up.jpg
2,09,haveyouever,Wear men's clothes,,,C2L09-Wear-men-s-clothes.jpg,class2/images/C2L09-Wear-men-s-clothes.jpg
2,09,haveyouever,Women's clothes,,,C2L09-Women-s-clothes.jpg,class2/images/C2L09-Women-s-clothes.jpg
2,09,haveyouever,Swimsuit,,,C2L09-Swimsuit.jpg,class2/images/C2L09-Swimsuit.jpg
2,09,haveyouever,Want to have a tattoo,,,C2L09-Want-to-have-a-tattoo.jpg,class2/images/C2L09-Want-to-have-a-tattoo.jpg
2,09,haveyouever,A pierced ear,,,C2L09-A-pierced-ear.jpg,class2/images/C2L09-A-pierced-ear.jpg
2,09,haveyouever,See a man who wears make-up,,,C2L09-See-a-man-who-wears-make-up.jpg,class2/images/C2L09-See-a-man-who-wears-make-up.jpg
2,09,haveyouever,Earrings,,,C2L09-Earrings.jpg,class2/images/C2L09-Earrings.jpg
2,09,haveyouever,Buy clothes on sales,,,C2L09-Buy-clothes-on-sales.jpg,class2/images/C2L09-Buy-clothes-on-sales.jpg
1,05,pronoun,I,,,C1L05-I.jpg,class1/images/C1L05-I.jpg
1,05,pronoun,We,,,C1L05-We.jpg,class1/images/C1L05-We.jpg
1,05,pronoun,You,,,C1L05-You.jpg,class1/images/C1L05-You.jpg
1,05,pronoun,They,,,C1L05-They.jpg,class1/images/C1L05-They.jpg
1,05,pronoun,He,,,C1L05-He.jpg,class1/images/C1L05-He.jpg
1,05,pronoun,She,,,C1L05-She.jpg,class1/images/C1L05-She.jpg
1,05,pronoun,It,,,C1L05-It.jpg,class1/images/C1L05-It.jpg
1,05,peopleinyourfamily,Father,,,C1L05-Father.jpg,class1/images/C1L05-Father.jpg
1,05,peopleinyourfamily,Mother,,,C1L05-Mother.jpg,class1/images/C1L05-Mother.jpg
1,05,peopleinyourfamily,Parents,,,C1L05-Parents.jpg,class1/images/C1L05-Parents.jpg
1,05,peopleinyourfamily,Sister,,,C1L05-Sister.jpg,class1/images/C1L05-Sister.jpg
1,05,peopleinyourfamily,Brother,,,C1L05-Brother.jpg,class1/images/C1L05-Brother.jpg
1,05,peopleinyourfamily,Grandmother,,,C1L05-Grandmother.jpg,class1/images/C1L05-Grandmother.jpg
1,05,peopleinyourfamily,Grandfather,,,C1L05-Grandfather.jpg,class1/images/C1L05-Grandfather.jpg
1,05,peopleinyourfamily,Son,,,C1L05-Son.jpg,class1/images/C1L05-Son.jpg
1,05,peopleinyourfamily,Daughter,,,C1L05-Daughter.jpg,class1/images/C1L05-Daughter.jpg
1,05,peopleinyourfamily,Children,,,C1L05-Children.jpg,class1/images/C1L05-Children.jpg
1,05,peopleinyourfamily,Aunt,,,C1L05-Aunt.jpg,class1/images/C1L05-Aunt.jpg
1,05,peopleinyourfamily,Uncle,,,C1L05-Uncle.jpg,class1/images/C1L05-Uncle.jpg
1,05,peopleinyourfamily,Wife,,,C1L05-Wife.jpg,class1/images/C1L05-Wife.jpg
1,05,peopleinyourfamily,Husband,,,C1L05-Husband.jpg,class1/images/C1L05-Husband.jpg
1,05,jobs,Waiter,,,C1L05-Waiter.jpg,class1/images/C1L05-Waiter.jpg
1,05,jobs,Waitress,,,C1L05-Waitress.jpg,class1/images/C1L05-Waitress.jpg
1,05,jobs,Actor,,,C1L05-Actor.jpg,class1/images/C1L05-Actor.jpg
1,05,jobs,Actress,,,C1L05-Actress.jpg,class1/images/C1L05-Actress.jpg
1,05,jobs,Manager,,,C1L05-Manager.jpg,class1/images/C1L05-Manager.jpg
1,05,jobs,Secretary,,,C1L05-Secretary.jpg,class1/images/C1L05-Secretary.jpg
1,05,jobs,Engineer,,,C1L05-Engineer.jpg,class1/images/C1L05-Engineer.jpg
1,05,jobs,Singer,,,C1L05-Singer.jpg,class1/images/C1L05-Singer.jpg
1,05,jobs,Dentist,,,C1L05-Dentist.jpg,class1/images/C1L05-Dentist.jpg
1,05,verbs,Accountant,,,C1L05-Accountant.jpg,class1/images/C1L05-Accountant.jpg
1,05,verbs,Travel to Korea,,,C1L05-Travel-to-Korea.jpg,class1/images/C1L05-Travel-to-Korea.jpg
1,05,verbs,Travel to Malaysia,,,C1L05-Travel-to-Malaysia.jpg,class1/images/C1L05-Travel-to-Malaysia.jpg
1,05,verbs,Travel to Cambodia,,,C1L05-Travel-to-Cambodia.jpg,class1/images/C1L05-Travel-to-Cambodia.jpg
1,05,verbs,Travel to Italy,,,C1L05-Travel-to-Italy.jpg,class1/images/C1L05-Travel-to-Italy.jpg
1,05,verbs,Study English,,,C1L05-Study-English.jpg,class1/images/C1L05-Study-English.jpg
1,05,verbs,Study Spanish,,,C1L05-Study-Spanish.jpg,class1/images/C1L05-Study-Spanish.jpg
1,05,verbs,Study Korean,,,C1L05-Study-Korean.jpg,class1/images/C1L05-Study-Korean.jpg
1,05,verbs,Study Chinese,,,C1L05-Study-Chinese.jpg,class1/images/C1L05-Study-Chinese.jpg
1,05,verbs,Reserve a room,,,C1L05-Reserve-a-room.jpg,class1/images/C1L05-Reserve-a-room.jpg
1,05,verbs,Make a presentation,,,C1L05-Make-a-presentation.jpg,class1/images/C1L05-Make-a-presentation.jpg
1,05,verbs,Practice speaking English,,,C1L05-Practice-speaking-English.jpg,class1/images/C1L05-Practice-speaking-English.jpg
1,05,verbs,Talk to a stranger,,,C1L05-Talk-to-a-stranger.jpg,class1/images/C1L05-Talk-to-a-stranger.jpg
1,05,verbs,Ask someone out,,,C1L05-Ask-someone-out.jpg,class1/images/C1L05-Ask-someone-out.jpg
1,05,verbs,Break up with someone,,,C1L05-Break-up-with-someone.jpg,class1/images/C1L05-Break-up-with-someone.jpg
1,05,verbs,Marry someone / Get married to someone,,,C1L05-Marry-someone-Get-married-to-someone.jpg,class1/images/C1L05-Marry-someone-Get-married-to-someone.jpg
2,07,favoritekindofjob,Accountants,,,C2L07-Accountants.jpg,class2/images/C2L07-Accountants.jpg
2,07,favoritekindofjob,Bakers,,,C2L07-Bakers.jpg,class2/images/C2L07-Bakers.jpg
2,07,favoritekindofjob,Barbers,,,C2L07-Barbers.jpg,class2/images/C2L07-Barbers.jpg
2,07,favoritekindofjob,Barmen/women,,,C2L07-Barmen-women.jpg,class2/images/C2L07-Barmen-women.jpg
2,07,favoritekindofjob,Butchers,,,C2L07-Butchers.jpg,class2/images/C2L07-Butchers.jpg
2,07,favoritekindofjob,Chambermaids,,,C2L07-Chambermaids.jpg,class2/images/C2L07-Chambermaids.jpg
2,07,favoritekindofjob,Chefs,,,C2L07-Chefs.jpg,class2/images/C2L07-Chefs.jpg
2,07,favoritekindofjob,Dentists,,,C2L07-Dentists.jpg,class2/images/C2L07-Dentists.jpg
2,07,favoritekindofjob,Doctors,,,C2L07-Doctors.jpg,class2/images/C2L07-Doctors.jpg
2,07,favoritekindofjob,Fishmongers,,,C2L07-Fishmongers.jpg,class2/images/C2L07-Fishmongers.jpg
2,07,favoritekindofjob,Flight attendants,,,C2L07-Flight-attendants.jpg,class2/images/C2L07-Flight-attendants.jpg
2,07,favoritekindofjob,Hairdressers,,,C2L07-Hairdressers.jpg,class2/images/C2L07-Hairdressers.jpg
2,07,favoritekindofjob,Judges,,,C2L07-Judges.jpg,class2/images/C2L07-Judges.jpg
2,07,favoritekindofjob,Lawyers,,,C2L07-Lawyers.jpg,class2/images/C2L07-Lawyers.jpg
2,07,favoritekindofjob,Nurses,,,C2L07-Nurses.jpg,class2/images/C2L07-Nurses.jpg
2,07,favoritekindofjob,Opticians,,,C2L07-Opticians.jpg,class2/images/C2L07-Opticians.jpg
2,07,favoritekindofjob,Porters,,,C2L07-Porters.jpg,class2/images/C2L07-Porters.jpg
2,07,favoritekindofjob,Receptionists,,,C2L07-Receptionists.jpg,class2/images/C2L07-Receptionists.jpg
2,07,favoritekindofjob,Sales Assistants,,,C2L07-Sales-Assistants.jpg,class2/images/C2L07-Sales-Assistants.jpg
2,07,favoritekindofjob,Secretaries,,,C2L07-Secretaries.jpg,class2/images/C2L07-Secretaries.jpg
2,07,favoritekindofjob,Surgeons,,,C2L07-Surgeons.jpg,class2/images/C2L07-Surgeons.jpg
2,07,favoritekindofjob,Tailors,,,C2L07-Tailors.jpg,class2/images/C2L07-Tailors.jpg
2,07,favoritekindofjob,Teachers,,,C2L07-Teachers.jpg,class2/images/C2L07-Teachers.jpg
2,07,favoritekindofjob,Technicians,,,C2L07-Technicians.jpg,class2/images/C2L07-Technicians.jpg
2,07,favoritekindofjob,Vets,,,C2L07-Vets.jpg,class2/images/C2L07-Vets.jpg
2,07,favoritekindofjob,Waiters / Waitresses,,,C2L07-Waiters-Waitresses.jpg,class2/images/C2L07-Waiters-Waitresses.jpg
2,07,favoritekindofjob,Welders,,,C2L07-Welders.jpg,class2/images/C2L07-Welders.jpg
1,06,all,Know how to make a cake,,,C1L06-Know-how-to-make-a-cake.jpg,class1/images/C1L06-Know-how-to-make-a-cake.jpg
1,06,all,Plant a tree,,,C1L06-Plant-a-tree.jpg,class1/images/C1L06-Plant-a-tree.jpg
1,06,all,Lock a door,,,C1L06-Lock-a-door.jpg,class1/images/C1L06-Lock-a-door.jpg
1,06,all,Color a picture,,,C1L06-Color-a-picture.jpg,class1/images/C1L06-Color-a-picture.jpg
1,06,all,Sneeze,,,C1L06-Sneeze.jpg,class1/images/C1L06-Sneeze.jpg
1,06,all,Snore,,,C1L06-Snore.jpg,class1/images/C1L06-Snore.jpg
1,06,all,Yawn,,,C1L06-Yawn.jpg,class1/images/C1L06-Yawn.jpg
1,06,all,Mop the floor,,,C1L06-Mop-the-floor.jpg,class1/images/C1L06-Mop-the-floor.jpg
1,06,all,Wash my clothes,,,C1L06-Wash-my-clothes.jpg,class1/images/C1L06-Wash-my-clothes.jpg
1,06,all,Brush my teeth,,,C1L06-Brush-my-teeth.jpg,class1/images/C1L06-Brush-my-teeth.jpg
1,06,all,Comb my hair,,,C1L06-Comb-my-hair.jpg,class1/images/C1L06-Comb-my-hair.jpg
1,06,all,Change my mind,,,C1L06-Change-my-mind.jpg,class1/images/C1L06-Change-my-mind.jpg
1,06,all,Follow the crowd,,,C1L06-Follow-the-crowd.jpg,class1/images/C1L06-Follow-the-crowd.jpg
1,06,all,Sing a song,,,C1L06-Sing-a-song.jpg,class1/images/C1L06-Sing-a-song.jpg
1,06,all,Clap one’s hands,,,C1L06-Clap-one-s-hands.jpg,class1/images/C1L06-Clap-one-s-hands.jpg
1,06,all,Make a decision,,,C1L06-Make-a-decision.jpg,class1/images/C1L06-Make-a-decision.jpg
1,06,all,Give someone a hug,,,C1L06-Give-someone-a-hug.jpg,class1/images/C1L06-Give-someone-a-hug.jpg
1,06,all,Make a wish,,,C1L06-Make-a-wish.jpg,class1/images/C1L06-Make-a-wish.jpg
1,06,all,Borrow money,,,C1L06-Borrow-money.jpg,class1/images/C1L06-Borrow-money.jpg
1,06,all,Have a crush on someone,,,C1L06-Have-a-crush-on-someone.jpg,class1/images/C1L06-Have-a-crush-on-someone.jpg
1,06,all,Cheat on someone,,,C1L06-Cheat-on-someone.jpg,class1/images/C1L06-Cheat-on-someone.jpg
1,06,all,Yell at someone,,,C1L06-Yell-at-someone.jpg,class1/images/C1L06-Yell-at-someone.jpg
1,06,all,Always,,,C1L06-Always.jpg,class1/images/C1L06-Always.jpg
1,06,all,Usually,,,C1L06-Usually.jpg,class1/images/C1L06-Usually.jpg
1,06,all,Often,,,C1L06-Often.jpg,class1/images/C1L06-Often.jpg
1,06,all,Sometimes,,,C1L06-Sometimes.jpg,class1/images/C1L06-Sometimes.jpg
1,06,all,Rarely,,,C1L06-Rarely.jpg,class1/images/C1L06-Rarely.jpg
1,06,all,Never,,,C1L06-Never.jpg,class1/images/C1L06-Never.jpg
1,09,comparison,Sociable,,,C1L09-Sociable.jpg,class1/images/C1L09-Sociable.jpg
1,09,comparison,Aggressive,,,C1L09-Aggressive.jpg,class1/images/C1L09-Aggressive.jpg
1,09,comparison,Peaceful,,,C1L09-Peaceful.jpg,class1/images/C1L09-Peaceful.jpg
1,09,comparison,Intelligent,,,C1L09-Intelligent.jpg,class1/images/C1L09-Intelligent.jpg
1,09,comparison,Sensitive,,,C1L09-Sensitive.jpg,class1/images/C1L09-Sensitive.jpg
1,09,comparison,Adventurous,,,C1L09-Adventurous.jpg,class1/images/C1L09-Adventurous.jpg
1,09,comparison,Proud,,,C1L09-Proud.jpg,class1/images/C1L09-Proud.jpg
1,09,comparison,Wild,,,C1L09-Wild.jpg,class1/images/C1L09-Wild.jpg
2,08,workingcondition,A well – paid job,,,C2L08-A-well-paid-job.jpg,class2/images/C2L08-A-well-paid-job.jpg
2,08,workingcondition,Six weeks’ paid holiday,,,C2L08-Six-weeks-paid-holiday.jpg,class2/images/C2L08-Six-weeks-paid-holiday.jpg
2,08,workingcondition,A company car,,,C2L08-A-company-car.jpg,class2/images/C2L08-A-company-car.jpg
2,08,workingcondition,A very good pension scheme,,,C2L08-A-very-good-pension-scheme.jpg,class2/images/C2L08-A-very-good-pension-scheme.jpg
2,08,workingcondition,A pretty good salary,,,C2L08-A-pretty-good-salary.jpg,class2/images/C2L08-A-pretty-good-salary.jpg
2,08,workingcondition,Getting promoted,,,C2L08-Getting-promoted.jpg,class2/images/C2L08-Getting-promoted.jpg
2,08,workingcondition,Working overtime,,,C2L08-Working-overtime.jpg,class2/images/C2L08-Working-overtime.jpg
2,08,workingcondition,Working long hours,,,C2L08-Working-long-hours.jpg,class2/images/C2L08-Working-long-hours.jpg
2,08,workingcondition,A system of flexi-time,,,C2L08-A-system-of-flexi-time.jpg,class2/images/C2L08-A-system-of-flexi-time.jpg
2,08,workingcondition,Health insurance,,,C2L08-Health-insurance.jpg,class2/images/C2L08-Health-insurance.jpg
2,08,workingcondition,Taking a few days off,,,C2L08-Taking-a-few-days-off.jpg,class2/images/C2L08-Taking-a-few-days-off.jpg
2,08,workingcondition,The career ladder,,,C2L08-The-career-ladder.jpg,class2/images/C2L08-The-career-ladder.jpg
2,08,workingcondition,Bonus,,,C2L08-Bonus.jpg,class2/images/C2L08-Bonus.jpg
2,08,describingyourjob,Satisfying / Rewarding,,,C2L08-Satisfying-Rewarding.jpg,class2/images/C2L08-Satisfying-Rewarding.jpg
2,08,describingyourjob,Challenging,,,C2L08-Challenging.jpg,class2/images/C2L08-Challenging.jpg
2,08,describingyourjob,Stressful,,,C2L08-Stressful.jpg,class2/images/C2L08-Stressful.jpg
2,08,describingyourjob,Glamorous,,,C2L08-Glamorous.jpg,class2/images/C2L08-Glamorous.jpg
2,08,describingyourjob,Repetitive / Boring,,,C2L08-Repetitive-Boring.jpg,class2/images/C2L08-Repetitive-Boring.jpg
2,06,whatcanyoudothere,Go sightseeing,Đi ngắm cảnh,ir ver pontos turísticos,C2L06-Go-sightseeing.jpg,class2/images/C2L06-Go-sightseeing.jpg
2,06,whatcanyoudothere,Enjoy the beauty of the landscape,Tận hưởng vẻ đẹp của phong cảnh,aproveitar a beleza da paisagem,C2L06-Enjoy-the-beauty-of-the-landscape.jpg,class2/images/C2L06-Enjoy-the-beauty-of-the-landscape.jpg
2,06,whatcanyoudothere,Visit the museum,Thăm viện bảo tàng,visitar o museu,C2L06-Visit-the-museum.jpg,class2/images/C2L06-Visit-the-museum.jpg
2,06,whatcanyoudothere,monument,tượng đài,monumento,C2L06-monument.jpg,class2/images/C2L06-monument.jpg
2,06,whatcanyoudothere,Aquarium,thủy cung,aquário,C2L06-Aquarium.jpg,class2/images/C2L06-Aquarium.jpg
2,06,whatcanyoudothere,night market,chợ đêm,mercado noturno,C2L06-night-market.jpg,class2/images/C2L06-night-market.jpg
2,06,whatcanyoudothere,white sandy beaches,,praias de areia branca,C2L06-white-sandy-beaches.jpg,class2/images/C2L06-white-sandy-beaches.jpg
2,06,whatcanyoudothere,Build sandcastles,Xây lâu đài cát,construir castelos de areia,C2L06-Build-sandcastles.jpg,class2/images/C2L06-Build-sandcastles.jpg
2,06,whatcanyoudothere,Watch the wildlife,Ngắm cuộc sống hoang dã,assistir os animais selvagens,C2L06-Watch-the-wildlife.jpg,class2/images/C2L06-Watch-the-wildlife.jpg
2,06,whatcanyoudothere,Get a tan,Tắm nắng cho ngăm da,bronzear-se,C2L06-Get-a-tan.jpg,class2/images/C2L06-Get-a-tan.jpg
2,06,whatcanyoudothere,get tanned skin,,obter pele bronzeada,C2L06-get-tanned-skin.jpg,class2/images/C2L06-get-tanned-skin.jpg
2,06,whatcanyoudothere,Explore caves,Thám hiểm hang động,explorar cavernas,C2L06-Explore-caves.jpg,class2/images/C2L06-Explore-caves.jpg
2,06,whatcanyoudothere,Go hiking,Đi bộ leo núi,fazer trilha,C2L06-Go-hiking.jpg,class2/images/C2L06-Go-hiking.jpg
2,06,whatcanyoudothere,Ride a cable car,Đi cáp treo,passeiar num teleférico,C2L06-Ride-a-cable-car.jpg,class2/images/C2L06-Ride-a-cable-car.jpg
2,06,whatcanyoudothere,Wander the bustling streets,Lang thang trên đường phố đông đúc,vaguear por ruas movimentadas,C2L06-Wander-the-bustling-streets.jpg,class2/images/C2L06-Wander-the-bustling-streets.jpg
2,06,whatcanyoudothere,Try local food,Ăn thực phẩm địa phương,experimentar a comida local,C2L06-Try-local-food.jpg,class2/images/C2L06-Try-local-food.jpg
2,06,purpose,Find a quiet place to avoid the noise of the city,Tìm nơi yên tĩnh để tránh sự ồn ào của thành phố,encontrar um lugar calmo para evitar o barulho da cidade,C2L06-Find-a-quiet-place-to-avoid-the-noise-of-the-city.jpg,class2/images/C2L06-Find-a-quiet-place-to-avoid-the-noise-of-the-city.jpg
2,06,purpose,Take pictures and capture the moments,Chụp hình và chụp những khoảnh khắc,tirar fotos e capturar os momentos,C2L06-Take-pictures-and-capture-the-moments.jpg,class2/images/C2L06-Take-pictures-and-capture-the-moments.jpg
2,06,purpose,Learn about the world,Học thêm về thế giới,aprender sobre o mundo,C2L06-Learn-about-the-world.jpg,class2/images/C2L06-Learn-about-the-world.jpg
2,06,purpose,Know more about other countries and regions,Biết hơn về những đất nước và vùng miền khác,saber mais sobre outros países e regiões,C2L06-Know-more-about-other-countries-and-regions.jpg,class2/images/C2L06-Know-more-about-other-countries-and-regions.jpg
2,06,purpose,Visit friends / relatives,,visitar amigos / parentes,C2L06-Visit-friends-relatives.jpg,class2/images/C2L06-Visit-friends-relatives.jpg
2,06,purpose,Take a break from work,,fazer uma pausa no trabalho,C2L06-Take-a-break-from-work.jpg,class2/images/C2L06-Take-a-break-from-work.jpg
2,06,purpose,Go on vacation,,ir de férias,C2L06-Go-on-vacation.jpg,class2/images/C2L06-Go-on-vacation.jpg
2,06,purpose,go on a business trip,,fazer uma viagem de negócios,C2L06-go-on-a-business-trip.jpg,class2/images/C2L06-go-on-a-business-trip.jpg
2,06,purpose,Learn about new cultures and explore new places,,conhecer novas culturas e explore novos lugares,C2L06-Learn-about-new-cultures-and-explore-new-places.jpg,class2/images/C2L06-Learn-about-new-cultures-and-explore-new-places.jpg
2,10,forfun,To watch interesting videos,,,C2L10-To-watch-interesting-videos.jpg,class2/images/C2L10-To-watch-interesting-videos.jpg
2,10,forfun,To listen to music,,,C2L10-To-listen-to-music.jpg,class2/images/C2L10-To-listen-to-music.jpg
2,10,forfun,To play online games,,,C2L10-To-play-online-games.jpg,class2/images/C2L10-To-play-online-games.jpg
2,10,forfun,To chat with my friends,,,C2L10-To-chat-with-my-friends.jpg,class2/images/C2L10-To-chat-with-my-friends.jpg
2,10,foreducation,To read news,,,C2L10-To-read-news.jpg,class2/images/C2L10-To-read-news.jpg
2,10,foreducation,To search for some information I need,,,C2L10-To-search-for-some-information-I-need.jpg,class2/images/C2L10-To-search-for-some-information-I-need.jpg
2,10,foreducation,To check e-mails,,,C2L10-To-check-e-mails.jpg,class2/images/C2L10-To-check-e-mails.jpg
2,10,forotherpurposes,"To order/buy/ sell/ advertise products online (food, clothes, cosmetics…)",,,C2L10-To-order-buy-sell-advertise-products-online-food-clothes-cosmetics-.jpg,class2/images/C2L10-To-order-buy-sell-advertise-products-online-food-clothes-cosmetics-.jpg
2,10,forotherpurposes,To compare prices,,,C2L10-To-compare-prices.jpg,class2/images/C2L10-To-compare-prices.jpg
2,10,forotherpurposes,To read the reviews of the products I want to buy/ the movie they intend to watch,,,C2L10-To-read-the-reviews-of-the-products-I-want-to-buy-the-movie-they-intend-to-watch.jpg,class2/images/C2L10-To-read-the-reviews-of-the-products-I-want-to-buy-the-movie-they-intend-to-watch.jpg
2,04,favoritekindofmovie,Comedy,Phim hài,,C2L04-Comedy.jpg,class2/images/C2L04-Comedy.jpg
2,04,favoritekindofmovie,Drama,Kịch,,C2L04-Drama.jpg,class2/images/C2L04-Drama.jpg
2,04,favoritekindofmovie,Romantic movie,Phim lãng mạng,,C2L04-Romantic-movie.jpg,class2/images/C2L04-Romantic-movie.jpg
2,04,favoritekindofmovie,Horror movie,Phim kinh dị,,C2L04-Horror-movie.jpg,class2/images/C2L04-Horror-movie.jpg
2,04,favoritekindofmovie,Science – fiction movie,Phim khoa học viễn tưởng,,C2L04-Science-fiction-movie.jpg,class2/images/C2L04-Science-fiction-movie.jpg
2,04,favoritekindofmovie,Cartoon,Phim hoạt hìn,,C2L04-Cartoon.jpg,class2/images/C2L04-Cartoon.jpg
2,04,favoritekindofmovie,Action movie,Phim hành động,,C2L04-Action-movie.jpg,class2/images/C2L04-Action-movie.jpg
2,04,favoritekindofmovie,Western movie,Phim tây,,C2L04-Western-movie.jpg,class2/images/C2L04-Western-movie.jpg
2,04,favoritekindofmovie,Korean movie,Phim Hàn Quốc,,C2L04-Korean-movie.jpg,class2/images/C2L04-Korean-movie.jpg
2,04,favoritekindofmovie,Fantasy movie,Phim giả tưởng,,C2L04-Fantasy-movie.jpg,class2/images/C2L04-Fantasy-movie.jpg
2,04,favoritekindofmovie,Documentary,Phim tài liệu,,C2L04-Documentary.jpg,class2/images/C2L04-Documentary.jpg
2,04,movielike,Interesting / Exciting,Thú vị / Hào hứng,,C2L04-Interesting-Exciting.jpg,class2/images/C2L04-Interesting-Exciting.jpg
2,04,movielike,Funny/ Amusing/ Hilarious,Vui / Hài hước / Rất hài hước,,C2L04-Funny-Amusing-Hilarious.jpg,class2/images/C2L04-Funny-Amusing-Hilarious.jpg
2,04,movielike,Touching/ Moving/ Heart - warming,Cảm động / Cảm động/ Sưởi ấm trái tim,,C2L04-Touching-Moving-Heart-warming.jpg,class2/images/C2L04-Touching-Moving-Heart-warming.jpg
2,04,movielike,Romantic/ sweet,Lãng mạng/ Ngọt ngào,,C2L04-Romantic-sweet.jpg,class2/images/C2L04-Romantic-sweet.jpg
2,04,movielike,Shocking/ Impressive,Sốc / Ấn tượng,,C2L04-Shocking-Impressive.jpg,class2/images/C2L04-Shocking-Impressive.jpg
2,04,movielike,Scary/ Terrifying,Sợ / Hoảng sợ,,C2L04-Scary-Terrifying.jpg,class2/images/C2L04-Scary-Terrifying.jpg
2,04,movielike,Instructive/ Informative/ educational,Hướng dẫn/ Bổ ích / Mang tính giáo dục,,C2L04-Instructive-Informative-educational.jpg,class2/images/C2L04-Instructive-Informative-educational.jpg
2,04,movielike,Thought - provoking,Kích thích suy nghĩ,,C2L04-Thought-provoking.jpg,class2/images/C2L04-Thought-provoking.jpg
2,04,movielike,Amazing / wonderful / fantastic/ awesome / great,Tuyệt vời,,C2L04-Amazing-wonderful-fantastic-awesome-great.jpg,class2/images/C2L04-Amazing-wonderful-fantastic-awesome-great.jpg
2,04,movielike,Terrible / awful / disgusting/ disappointing / silly / boring / weird,Tệ / Tệ / Thấy gớm/ Gây thất vọng/ Ngớ ngần / Chán / Kì cục,,C2L04-Terrible-awful-disgusting-disappointing-silly-boring-weird.jpg,class2/images/C2L04-Terrible-awful-disgusting-disappointing-silly-boring-weird.jpg
2,11,vocabulary,Beautiful,,,C2L11-Beautiful.jpg,class2/images/C2L11-Beautiful.jpg
2,11,vocabulary,Attractive,,,C2L11-Attractive.jpg,class2/images/C2L11-Attractive.jpg
2,11,vocabulary,Gorgeous,,,C2L11-Gorgeous.jpg,class2/images/C2L11-Gorgeous.jpg
2,11,vocabulary,stunning,,,C2L11-stunning.jpg,class2/images/C2L11-stunning.jpg
2,11,vocabulary,Plain,,,C2L11-Plain.jpg,class2/images/C2L11-Plain.jpg
2,11,vocabulary,ordinary-looking,,,C2L11-ordinary-looking.jpg,class2/images/C2L11-ordinary-looking.jpg
2,11,vocabulary,Bad-looking,,,C2L11-Bad-looking.jpg,class2/images/C2L11-Bad-looking.jpg
2,11,vocabulary,Bear a strong resemblance to,,,C2L11-Bear-a-strong-resemblance-to.jpg,class2/images/C2L11-Bear-a-strong-resemblance-to.jpg
2,11,age,Young,,,C2L11-Young.jpg,class2/images/C2L11-Young.jpg
2,11,age,Old,,,C2L11-Old.jpg,class2/images/C2L11-Old.jpg
2,11,age,Middle-aged,,,C2L11-Middle-aged.jpg,class2/images/C2L11-Middle-aged.jpg
2,11,build,Thin,,,C2L11-Thin.jpg,class2/images/C2L11-Thin.jpg
2,11,build,Slim,,,C2L11-Slim.jpg,class2/images/C2L11-Slim.jpg
2,11,build,Well-built,,,C2L11-Well-built.jpg,class2/images/C2L11-Well-built.jpg
2,11,build,muscular,,,C2L11-muscular.jpg,class2/images/C2L11-muscular.jpg
2,11,build,overweight,,,C2L11-overweight.jpg,class2/images/C2L11-overweight.jpg
2,11,build,Fat,,,C2L11-Fat.jpg,class2/images/C2L11-Fat.jpg
2,11,build,obese,,,C2L11-obese.jpg,class2/images/C2L11-obese.jpg
2,11,height,Tall,,,C2L11-Tall.jpg,class2/images/C2L11-Tall.jpg
2,11,height,Of medium height,,,C2L11-Of-medium-height.jpg,class2/images/C2L11-Of-medium-height.jpg
2,11,height,Short,,,C2L11-Short.jpg,class2/images/C2L11-Short.jpg
2,11,face,Oval,,,C2L11-Oval.jpg,class2/images/C2L11-Oval.jpg
2,11,face,Round,,,C2L11-Round.jpg,class2/images/C2L11-Round.jpg
2,11,face,Square,,,C2L11-Square.jpg,class2/images/C2L11-Square.jpg
2,11,face,Long,,,C2L11-Long.jpg,class2/images/C2L11-Long.jpg
2,11,lips,Full,,,C2L11-Full.jpg,class2/images/C2L11-Full.jpg
2,11,lips,Thick,,,C2L11-Thick.jpg,class2/images/C2L11-Thick.jpg
2,11,lips,Thin,,,C2L11-Thin.jpg,class2/images/C2L11-Thin.jpg
2,11,lips,Glossy,,,C2L11-Glossy.jpg,class2/images/C2L11-Glossy.jpg
2,11,lips,Cracked,,,C2L11-Cracked.jpg,class2/images/C2L11-Cracked.jpg
2,11,skin,Skin,,,C2L11-Skin.jpg,class2/images/C2L11-Skin.jpg
2,11,skin,Fair,,,C2L11-Fair.jpg,class2/images/C2L11-Fair.jpg
2,11,skin,Dark,,,C2L11-Dark.jpg,class2/images/C2L11-Dark.jpg
2,11,skin,Tanned,,,C2L11-Tanned.jpg,class2/images/C2L11-Tanned.jpg
2,11,skin,Smooth,,,C2L11-Smooth.jpg,class2/images/C2L11-Smooth.jpg
2,11,skin,Soft,,,C2L11-Soft.jpg,class2/images/C2L11-Soft.jpg
2,11,skin,Wrinkled,,,C2L11-Wrinkled.jpg,class2/images/C2L11-Wrinkled.jpg
2,11,skin,Radiant,,,C2L11-Radiant.jpg,class2/images/C2L11-Radiant.jpg
2,11,skin,Pale,,,C2L11-Pale.jpg,class2/images/C2L11-Pale.jpg
2,11,skin,Flawless,,,C2L11-Flawless.jpg,class2/images/C2L11-Flawless.jpg
2,11,skin,Freckled,,,C2L11-Freckled.jpg,class2/images/C2L11-Freckled.jpg
2,11,nose,Big,,,C2L11-Big.jpg,class2/images/C2L11-Big.jpg
2,11,nose,Small,,,C2L11-Small.jpg,class2/images/C2L11-Small.jpg
2,11,nose,Straight,,,C2L11-Straight.jpg,class2/images/C2L11-Straight.jpg
2,11,nose,Hooked,,,C2L11-Hooked.jpg,class2/images/C2L11-Hooked.jpg
2,11,nose,upturned,,,C2L11-upturned.jpg,class2/images/C2L11-upturned.jpg
2,11,nose,Flat,,,C2L11-Flat.jpg,class2/images/C2L11-Flat.jpg
2,11,eyebrows,Thick,,,C2L11-Thick.jpg,class2/images/C2L11-Thick.jpg
2,11,eyebrows,Bushy,,,C2L11-Bushy.jpg,class2/images/C2L11-Bushy.jpg
2,11,eyebrows,Thin,,,C2L11-Thin.jpg,class2/images/C2L11-Thin.jpg
2,12,personality,Humorous,,,C2L12-Humorous.jpg,class2/images/C2L12-Humorous.jpg
2,12,personality,Boring,,,C2L12-Boring.jpg,class2/images/C2L12-Boring.jpg
2,12,personality,Rude,,,C2L12-Rude.jpg,class2/images/C2L12-Rude.jpg
2,12,personality,Polite,,,C2L12-Polite.jpg,class2/images/C2L12-Polite.jpg
2,12,personality,Peaceful,,,C2L12-Peaceful.jpg,class2/images/C2L12-Peaceful.jpg
2,12,personality,Aggressive,,,C2L12-Aggressive.jpg,class2/images/C2L12-Aggressive.jpg
2,12,personality,Obedient,,,C2L12-Obedient.jpg,class2/images/C2L12-Obedient.jpg
2,12,personality,Stubborn,,,C2L12-Stubborn.jpg,class2/images/C2L12-Stubborn.jpg
2,12,personality,Active,,,C2L12-Active.jpg,class2/images/C2L12-Active.jpg
2,12,personality,Passive,,,C2L12-Passive.jpg,class2/images/C2L12-Passive.jpg
2,12,personality,Cheerful,,,C2L12-Cheerful.jpg,class2/images/C2L12-Cheerful.jpg
2,12,personality,Depressed,,,C2L12-Depressed.jpg,class2/images/C2L12-Depressed.jpg
2,12,personality,Extroverted,,,C2L12-Extroverted.jpg,class2/images/C2L12-Extroverted.jpg
2,12,personality,Introverted,,,C2L12-Introverted.jpg,class2/images/C2L12-Introverted.jpg
2,12,personality,Shy,,,C2L12-Shy.jpg,class2/images/C2L12-Shy.jpg
2,12,personality,Confident,,,C2L12-Confident.jpg,class2/images/C2L12-Confident.jpg
2,12,personality,Simple,,,C2L12-Simple.jpg,class2/images/C2L12-Simple.jpg
2,12,personality,Complicated,,,C2L12-Complicated.jpg,class2/images/C2L12-Complicated.jpg
2,12,personality,Helpful,,,C2L12-Helpful.jpg,class2/images/C2L12-Helpful.jpg
2,12,personality,Bossy,,,C2L12-Bossy.jpg,class2/images/C2L12-Bossy.jpg
2,12,personality,Honest,,,C2L12-Honest.jpg,class2/images/C2L12-Honest.jpg
2,12,personality,Dishonest,,,C2L12-Dishonest.jpg,class2/images/C2L12-Dishonest.jpg
2,12,personality,Humble,,,C2L12-Humble.jpg,class2/images/C2L12-Humble.jpg
2,12,personality,Self-centered,,,C2L12-Self-centered.jpg,class2/images/C2L12-Self-centered.jpg
2,12,personality,Mature,,,C2L12-Mature.jpg,class2/images/C2L12-Mature.jpg
2,12,personality,Immature,,,C2L12-Immature.jpg,class2/images/C2L12-Immature.jpg
2,12,personality,Generous,,,C2L12-Generous.jpg,class2/images/C2L12-Generous.jpg
2,12,personality,Selfish,,,C2L12-Selfish.jpg,class2/images/C2L12-Selfish.jpg
2,12,personality,Open-minded,,,C2L12-Open-minded.jpg,class2/images/C2L12-Open-minded.jpg
2,12,personality,Narrow - minded,,,C2L12-Narrow-minded.jpg,class2/images/C2L12-Narrow-minded.jpg
2,12,personality,Two-faced,,,C2L12-Two-faced.jpg,class2/images/C2L12-Two-faced.jpg
2,12,personality,Warm-hearted,,,C2L12-Warm-hearted.jpg,class2/images/C2L12-Warm-hearted.jpg
1,12,vocabulary,Shoe shop,,,C1L12-Shoe-shop.jpg,class1/images/C1L12-Shoe-shop.jpg
1,12,vocabulary,Cinema,,,C1L12-Cinema.jpg,class1/images/C1L12-Cinema.jpg
1,12,vocabulary,Beach,,,C1L12-Beach.jpg,class1/images/C1L12-Beach.jpg
1,12,vocabulary,Coffee shop,,,C1L12-Coffee-shop.jpg,class1/images/C1L12-Coffee-shop.jpg
1,12,vocabulary,Bakers,,,C1L12-Bakers.jpg,class1/images/C1L12-Bakers.jpg
1,12,vocabulary,School,,,C1L12-School.jpg,class1/images/C1L12-School.jpg
1,12,vocabulary,Restaurant,,,C1L12-Restaurant.jpg,class1/images/C1L12-Restaurant.jpg
1,12,vocabulary,Church,,,C1L12-Church.jpg,class1/images/C1L12-Church.jpg
1,12,vocabulary,Bank,,,C1L12-Bank.jpg,class1/images/C1L12-Bank.jpg
1,12,vocabulary,Hospital,,,C1L12-Hospital.jpg,class1/images/C1L12-Hospital.jpg
1,12,vocabulary,Supermarket,,,C1L12-Supermarket.jpg,class1/images/C1L12-Supermarket.jpg
1,12,vocabulary,Factory,,,C1L12-Factory.jpg,class1/images/C1L12-Factory.jpg
1,12,vocabulary,Airport,,,C1L12-Airport.jpg,class1/images/C1L12-Airport.jpg
1,12,vocabulary,Hotel,,,C1L12-Hotel.jpg,class1/images/C1L12-Hotel.jpg
1,12,vocabulary,Bus Stop,,,C1L12-Bus-Stop.jpg,class1/images/C1L12-Bus-Stop.jpg
1,12,vocabulary,Street,,,C1L12-Street.jpg,class1/images/C1L12-Street.jpg
1,12,vocabulary,Drugstore,,,C1L12-Drugstore.jpg,class1/images/C1L12-Drugstore.jpg
1,12,vocabulary,Clothes Store,,,C1L12-Clothes-Store.jpg,class1/images/C1L12-Clothes-Store.jpg
1,12,vocabulary,Kitchen,,,C1L12-Kitchen.jpg,class1/images/C1L12-Kitchen.jpg
1,12,vocabulary,Wall,,,C1L12-Wall.jpg,class1/images/C1L12-Wall.jpg
1,12,vocabulary,Park,,,C1L12-Park.jpg,class1/images/C1L12-Park.jpg
1,12,vocabulary,Bookstore,,,C1L12-Bookstore.jpg,class1/images/C1L12-Bookstore.jpg
1,12,vocabulary,Museum,,,C1L12-Museum.jpg,class1/images/C1L12-Museum.jpg
1,12,vocabulary,Swimming Pool,,,C1L12-Swimming-Pool.jpg,class1/images/C1L12-Swimming-Pool.jpg
1,12,vocabulary,Ground,,,C1L12-Ground.jpg,class1/images/C1L12-Ground.jpg
1,12,vocabulary,Hand,,,C1L12-Hand.jpg,class1/images/C1L12-Hand.jpg
1,12,vocabulary,Fridge,,,C1L12-Fridge.jpg,class1/images/C1L12-Fridge.jpg
1,12,vocabulary,Trash Can,,,C1L12-Trash-Can.jpg,class1/images/C1L12-Trash-Can.jpg
1,12,vocabulary,Hair Salon,,,C1L12-Hair-Salon.jpg,class1/images/C1L12-Hair-Salon.jpg
1,12,vocabulary,Post Office,,,C1L12-Post-Office.jpg,class1/images/C1L12-Post-Office.jpg
1,12,vocabulary,Library,,,C1L12-Library.jpg,class1/images/C1L12-Library.jpg
1,13,vocabulary,Farmer,,,C1L13-Farmer.jpg,class1/images/C1L13-Farmer.jpg
1,13,vocabulary,Priest,,,C1L13-Priest.jpg,class1/images/C1L13-Priest.jpg
1,13,vocabulary,Mechanic,,,C1L13-Mechanic.jpg,class1/images/C1L13-Mechanic.jpg
1,13,vocabulary,Artist,,,C1L13-Artist.jpg,class1/images/C1L13-Artist.jpg
1,13,vocabulary,Businessman,,,C1L13-Businessman.jpg,class1/images/C1L13-Businessman.jpg
1,13,vocabulary,Football Player,,,C1L13-Football-Player.jpg,class1/images/C1L13-Football-Player.jpg
1,13,vocabulary,Fireman,,,C1L13-Fireman.jpg,class1/images/C1L13-Fireman.jpg
1,13,vocabulary,Waiter,,,C1L13-Waiter.jpg,class1/images/C1L13-Waiter.jpg
1,13,vocabulary,Reporter,,,C1L13-Reporter.jpg,class1/images/C1L13-Reporter.jpg
1,13,vocabulary,Engineer,,,C1L13-Engineer.jpg,class1/images/C1L13-Engineer.jpg
1,13,vocabulary,Office Worker,,,C1L13-Office-Worker.jpg,class1/images/C1L13-Office-Worker.jpg
1,13,vocabulary,Policeman,,,C1L13-Policeman.jpg,class1/images/C1L13-Policeman.jpg
1,13,vocabulary,Singer,,,C1L13-Singer.jpg,class1/images/C1L13-Singer.jpg
1,13,vocabulary,Pilot,,,C1L13-Pilot.jpg,class1/images/C1L13-Pilot.jpg
1,13,vocabulary,Swimmer,,,C1L13-Swimmer.jpg,class1/images/C1L13-Swimmer.jpg
1,13,vocabulary,Postman,,,C1L13-Postman.jpg,class1/images/C1L13-Postman.jpg
1,13,vocabulary,Doctor,,,C1L13-Doctor.jpg,class1/images/C1L13-Doctor.jpg
1,13,vocabulary,Artist,,,C1L13-Artist.jpg,class1/images/C1L13-Artist.jpg
1,13,vocabulary,Boxer,,,C1L13-Boxer.jpg,class1/images/C1L13-Boxer.jpg
1,13,vocabulary,Judge,,,C1L13-Judge.jpg,class1/images/C1L13-Judge.jpg
1,13,vocabulary,Scientist,,,C1L13-Scientist.jpg,class1/images/C1L13-Scientist.jpg
1,13,vocabulary,Astronaut,,,C1L13-Astronaut.jpg,class1/images/C1L13-Astronaut.jpg
1,13,vocabulary,Nurse,,,C1L13-Nurse.jpg,class1/images/C1L13-Nurse.jpg
1,13,vocabulary,Cameraman,,,C1L13-Cameraman.jpg,class1/images/C1L13-Cameraman.jpg
1,13,vocabulary,Athlete,,,C1L13-Athlete.jpg,class1/images/C1L13-Athlete.jpg
1,13,vocabulary,Teacher,,,C1L13-Teacher.jpg,class1/images/C1L13-Teacher.jpg
1,13,vocabulary,Waitress,,,C1L13-Waitress.jpg,class1/images/C1L13-Waitress.jpg
1,13,vocabulary,Hairdresser,,,C1L13-Hairdresser.jpg,class1/images/C1L13-Hairdresser.jpg
1,13,vocabulary,Cook,,,C1L13-Cook.jpg,class1/images/C1L13-Cook.jpg
1,13,vocabulary,Dentist,,,C1L13-Dentist.jpg,class1/images/C1L13-Dentist.jpg
2,13,personality,Sensitive,,,C2L13-Sensitive.jpg,class2/images/C2L13-Sensitive.jpg
2,13,personality,Proud,,,C2L13-Proud.jpg,class2/images/C2L13-Proud.jpg
2,13,personality,Aggressive,,,C2L13-Aggressive.jpg,class2/images/C2L13-Aggressive.jpg
2,13,personality,Honest,,,C2L13-Honest.jpg,class2/images/C2L13-Honest.jpg
2,13,personality,Self-confident,,,C2L13-Self-confident.jpg,class2/images/C2L13-Self-confident.jpg
2,13,personality,Moody,,,C2L13-Moody.jpg,class2/images/C2L13-Moody.jpg
2,13,personality,Absent-minded,,,C2L13-Absent-minded.jpg,class2/images/C2L13-Absent-minded.jpg
2,13,personality,Amusing,,,C2L13-Amusing.jpg,class2/images/C2L13-Amusing.jpg
2,13,personality,Thoughtful,,,C2L13-Thoughtful.jpg,class2/images/C2L13-Thoughtful.jpg
2,13,personality,Arrogant,,,C2L13-Arrogant.jpg,class2/images/C2L13-Arrogant.jpg
2,13,personality,Hard-working,,,C2L13-Hard-working.jpg,class2/images/C2L13-Hard-working.jpg
2,13,personality,Selfish,,,C2L13-Selfish.jpg,class2/images/C2L13-Selfish.jpg
2,13,personality,Outgoing,,,C2L13-Outgoing.jpg,class2/images/C2L13-Outgoing.jpg
2,13,personality,A gossip,,,C2L13-A-gossip.jpg,class2/images/C2L13-A-gossip.jpg
2,13,personality,Easy-going,,,C2L13-Easy-going.jpg,class2/images/C2L13-Easy-going.jpg
2,13,personality,An extrovert,,,C2L13-An-extrovert.jpg,class2/images/C2L13-An-extrovert.jpg
2,13,personality,Cheerful,,,C2L13-Cheerful.jpg,class2/images/C2L13-Cheerful.jpg
2,13,personality,Miserable,,,C2L13-Miserable.jpg,class2/images/C2L13-Miserable.jpg
2,13,personality,Sociable,,,C2L13-Sociable.jpg,class2/images/C2L13-Sociable.jpg
2,13,personality,Reliable,,,C2L13-Reliable.jpg,class2/images/C2L13-Reliable.jpg
2,13,personality,Modest,,,C2L13-Modest.jpg,class2/images/C2L13-Modest.jpg
2,13,personality,Sensible,,,C2L13-Sensible.jpg,class2/images/C2L13-Sensible.jpg
2,13,personality,Shy,,,C2L13-Shy.jpg,class2/images/C2L13-Shy.jpg
2,13,personality,Loyal,,,C2L13-Loyal.jpg,class2/images/C2L13-Loyal.jpg
2,13,personality,A laugh,,,C2L13-A-laugh.jpg,class2/images/C2L13-A-laugh.jpg
2,13,personality,A big-head,,,C2L13-A-big-head.jpg,class2/images/C2L13-A-big-head.jpg
2,13,personality,A snob,,,C2L13-A-snob.jpg,class2/images/C2L13-A-snob.jpg
2,13,personality,A liar,,,C2L13-A-liar.jpg,class2/images/C2L13-A-liar.jpg
2,13,personality,A coward,,,C2L13-A-coward.jpg,class2/images/C2L13-A-coward.jpg
2,13,personality,A couch potato,,,C2L13-A-couch-potato.jpg,class2/images/C2L13-A-couch-potato.jpg
2,14,friendship,A workmate,,,C2L14-A-workmate.jpg,class2/images/C2L14-A-workmate.jpg
2,14,friendship,Partner,,,C2L14-Partner.jpg,class2/images/C2L14-Partner.jpg
2,14,friendship,Classmate,,,C2L14-Classmate.jpg,class2/images/C2L14-Classmate.jpg
2,14,friendship,Pen-friend,,,C2L14-Pen-friend.jpg,class2/images/C2L14-Pen-friend.jpg
2,14,friendship,Housemate,,,C2L14-Housemate.jpg,class2/images/C2L14-Housemate.jpg
2,14,friendship,Acquaintance,,,C2L14-Acquaintance.jpg,class2/images/C2L14-Acquaintance.jpg
2,14,friendship,A stranger,,,C2L14-A-stranger.jpg,class2/images/C2L14-A-stranger.jpg
2,14,friendship,Close,,,C2L14-Close.jpg,class2/images/C2L14-Close.jpg
2,14,friendship,Old,,,C2L14-Old.jpg,class2/images/C2L14-Old.jpg
2,14,friendship,Best,,,C2L14-Best.jpg,class2/images/C2L14-Best.jpg
2,14,friendship,Lifelong,,,C2L14-Lifelong.jpg,class2/images/C2L14-Lifelong.jpg
1,14,partsoftheday,Morning,,,C1L14-Morning.jpg,class1/images/C1L14-Morning.jpg
1,14,partsoftheday,Afternoon,,,C1L14-Afternoon.jpg,class1/images/C1L14-Afternoon.jpg
1,14,partsoftheday,Evening,,,C1L14-Evening.jpg,class1/images/C1L14-Evening.jpg
1,14,partsoftheday,Night,,,C1L14-Night.jpg,class1/images/C1L14-Night.jpg
1,14,seasons,Spring,,,C1L14-Spring.jpg,class1/images/C1L14-Spring.jpg
1,14,seasons,Summer,,,C1L14-Summer.jpg,class1/images/C1L14-Summer.jpg
1,14,seasons,Autumn,,,C1L14-Autumn.jpg,class1/images/C1L14-Autumn.jpg
1,14,seasons,Winter,,,C1L14-Winter.jpg,class1/images/C1L14-Winter.jpg
1,14,daysoftheweek,Monday,,,C1L14-Monday.jpg,class1/images/C1L14-Monday.jpg
1,14,daysoftheweek,Tuesday,,,C1L14-Tuesday.jpg,class1/images/C1L14-Tuesday.jpg
1,14,daysoftheweek,Wednesday,,,C1L14-Wednesday.jpg,class1/images/C1L14-Wednesday.jpg
1,14,daysoftheweek,Thursday,,,C1L14-Thursday.jpg,class1/images/C1L14-Thursday.jpg
1,14,daysoftheweek,Friday,,,C1L14-Friday.jpg,class1/images/C1L14-Friday.jpg
1,14,daysoftheweek,Saturday,,,C1L14-Saturday.jpg,class1/images/C1L14-Saturday.jpg
1,14,daysoftheweek,Sunday,,,C1L14-Sunday.jpg,class1/images/C1L14-Sunday.jpg
1,14,months,January,,,C1L14-January.jpg,class1/images/C1L14-January.jpg
1,14,months,February,,,C1L14-February.jpg,class1/images/C1L14-February.jpg
1,14,months,March,,,C1L14-March.jpg,class1/images/C1L14-March.jpg
1,14,months,April,,,C1L14-April.jpg,class1/images/C1L14-April.jpg
1,14,months,May,,,C1L14-May.jpg,class1/images/C1L14-May.jpg
1,14,months,June,,,C1L14-June.jpg,class1/images/C1L14-June.jpg
1,14,months,July,,,C1L14-July.jpg,class1/images/C1L14-July.jpg
1,14,months,August,,,C1L14-August.jpg,class1/images/C1L14-August.jpg
1,14,months,September,,,C1L14-September.jpg,class1/images/C1L14-September.jpg
1,14,months,October,,,C1L14-October.jpg,class1/images/C1L14-October.jpg
1,14,months,November,,,C1L14-November.jpg,class1/images/C1L14-November.jpg
1,14,months,December,,,C1L14-December.jpg,class1/images/C1L14-December.jpg
1,14,frequency,Always,,,C1L14-Always.jpg,class1/images/C1L14-Always.jpg
1,14,frequency,Usually/Often,,,C1L14-Usually-Often.jpg,class1/images/C1L14-Usually-Often.jpg
1,14,frequency,Sometimes,,,C1L14-Sometimes.jpg,class1/images/C1L14-Sometimes.jpg
1,14,frequency,Rarely,,,C1L14-Rarely.jpg,class1/images/C1L14-Rarely.jpg
1,14,frequency,Never,,,C1L14-Never.jpg,class1/images/C1L14-Never.jpg
1,14,days,First,,,C1L14-First.jpg,class1/images/C1L14-First.jpg
1,14,days,Second,,,C1L14-Second.jpg,class1/images/C1L14-Second.jpg
1,14,days,Third,,,C1L14-Third.jpg,class1/images/C1L14-Third.jpg
1,14,days,Fourth,,,C1L14-Fourth.jpg,class1/images/C1L14-Fourth.jpg
1,14,days,Fifth,,,C1L14-Fifth.jpg,class1/images/C1L14-Fifth.jpg
1,14,days,Sixth,,,C1L14-Sixth.jpg,class1/images/C1L14-Sixth.jpg
1,14,days,Seventh,,,C1L14-Seventh.jpg,class1/images/C1L14-Seventh.jpg
1,14,days,Eigth,,,C1L14-Eigth.jpg,class1/images/C1L14-Eigth.jpg
1,14,days,Ninth,,,C1L14-Ninth.jpg,class1/images/C1L14-Ninth.jpg
1,14,days,Tenth,,,C1L14-Tenth.jpg,class1/images/C1L14-Tenth.jpg
1,15,simplepasttense,Two days ago,,,C1L15-Two-days-ago.jpg,class1/images/C1L15-Two-days-ago.jpg
1,15,simplepasttense,Six weeks before that,,,C1L15-Six-weeks-before-that.jpg,class1/images/C1L15-Six-weeks-before-that.jpg
1,15,simplepasttense,An hour earlier,,,C1L15-An-hour-earlier.jpg,class1/images/C1L15-An-hour-earlier.jpg
1,15,simplepasttense,When I was a child,,,C1L15-When-I-was-a-child.jpg,class1/images/C1L15-When-I-was-a-child.jpg
1,15,simplepasttense,When I lived with my parents,,,C1L15-When-I-lived-with-my-parents.jpg,class1/images/C1L15-When-I-lived-with-my-parents.jpg
1,15,simplepasttense,Last night,,,C1L15-Last-night.jpg,class1/images/C1L15-Last-night.jpg
1,15,simplepasttense,Last week,,,C1L15-Last-week.jpg,class1/images/C1L15-Last-week.jpg
1,15,simplepasttense,Last summer,,,C1L15-Last-summer.jpg,class1/images/C1L15-Last-summer.jpg
1,15,simplepasttense,Last Christmas,,,C1L15-Last-Christmas.jpg,class1/images/C1L15-Last-Christmas.jpg
2,15,love,Get engaged,,,C2L15-Get-engaged.jpg,class2/images/C2L15-Get-engaged.jpg
2,15,love,Get married,,,C2L15-Get-married.jpg,class2/images/C2L15-Get-married.jpg
2,15,love,Get divorced,,,C2L15-Get-divorced.jpg,class2/images/C2L15-Get-divorced.jpg
2,15,love,Fancy someone,,,C2L15-Fancy-someone.jpg,class2/images/C2L15-Fancy-someone.jpg
2,15,love,Share so many common interests,,,C2L15-Share-so-many-common-interests.jpg,class2/images/C2L15-Share-so-many-common-interests.jpg
2,15,love,Have a crush on someone,,,C2L15-Have-a-crush-on-someone.jpg,class2/images/C2L15-Have-a-crush-on-someone.jpg
2,15,love,Fall in love,,,C2L15-Fall-in-love.jpg,class2/images/C2L15-Fall-in-love.jpg
2,15,love,Be in love with someone,,,C2L15-Be-in-love-with-someone.jpg,class2/images/C2L15-Be-in-love-with-someone.jpg
2,15,love,Fall head over heels in love,,,C2L15-Fall-head-over-heels-in-love.jpg,class2/images/C2L15-Fall-head-over-heels-in-love.jpg
2,15,love,Ask someone out,,,C2L15-Ask-someone-out.jpg,class2/images/C2L15-Ask-someone-out.jpg
2,15,love,Break up with someone,,,C2L15-Break-up-with-someone.jpg,class2/images/C2L15-Break-up-with-someone.jpg
2,15,love,Share the housework,,,C2L15-Share-the-housework.jpg,class2/images/C2L15-Share-the-housework.jpg
2,15,love,Share the ups and downs in life,,,C2L15-Share-the-ups-and-downs-in-life.jpg,class2/images/C2L15-Share-the-ups-and-downs-in-life.jpg
2,15,love,Show that you care,,,C2L15-Show-that-you-care.jpg,class2/images/C2L15-Show-that-you-care.jpg
2,15,love,Move on,,,C2L15-Move-on.jpg,class2/images/C2L15-Move-on.jpg
2,15,love,Get over someone,,,C2L15-Get-over-someone.jpg,class2/images/C2L15-Get-over-someone.jpg
2,15,love,Let bygones be bygones,,,C2L15-Let-bygones-be-bygones.jpg,class2/images/C2L15-Let-bygones-be-bygones.jpg
2,15,love,Remember that there are plenty of fish in the sea,,,C2L15-Remember-that-there-are-plenty-of-fish-in-the-sea.jpg,class2/images/C2L15-Remember-that-there-are-plenty-of-fish-in-the-sea.jpg
1,16,all,Bite,,,C1L16-Bite.jpg,class1/images/C1L16-Bite.jpg
1,16,all,Feed,,,C1L16-Feed.jpg,class1/images/C1L16-Feed.jpg
1,16,all,Hide,,,C1L16-Hide.jpg,class1/images/C1L16-Hide.jpg
1,16,all,Hurt,,,C1L16-Hurt.jpg,class1/images/C1L16-Hurt.jpg
1,16,all,Jump,,,C1L16-Jump.jpg,class1/images/C1L16-Jump.jpg
1,16,all,Knock,,,C1L16-Knock.jpg,class1/images/C1L16-Knock.jpg
1,16,all,Lend,,,C1L16-Lend.jpg,class1/images/C1L16-Lend.jpg
1,16,all,Sweep,,,C1L16-Sweep.jpg,class1/images/C1L16-Sweep.jpg
1,16,all,Share,,,C1L16-Share.jpg,class1/images/C1L16-Share.jpg
1,16,all,Steal,,,C1L16-Steal.jpg,class1/images/C1L16-Steal.jpg
1,16,all,Water,,,C1L16-Water.jpg,class1/images/C1L16-Water.jpg
1,16,all,Wave,,,C1L16-Wave.jpg,class1/images/C1L16-Wave.jpg
1,16,all,Wait,,,C1L16-Wait.jpg,class1/images/C1L16-Wait.jpg
1,16,all,Invite,,,C1L16-Invite.jpg,class1/images/C1L16-Invite.jpg
1,16,all,receive,,,C1L16-receive.jpg,class1/images/C1L16-receive.jpg
1,16,all,give,,,C1L16-give.jpg,class1/images/C1L16-give.jpg
1,16,all,Return,,,C1L16-Return.jpg,class1/images/C1L16-Return.jpg
1,16,all,Compete,,,C1L16-Compete.jpg,class1/images/C1L16-Compete.jpg
1,16,all,Describe,,,C1L16-Describe.jpg,class1/images/C1L16-Describe.jpg
1,16,all,Respect,,,C1L16-Respect.jpg,class1/images/C1L16-Respect.jpg
1,16,all,Replace,,,C1L16-Replace.jpg,class1/images/C1L16-Replace.jpg
1,16,all,Protect,,,C1L16-Protect.jpg,class1/images/C1L16-Protect.jpg
1,16,all,Support,,,C1L16-Support.jpg,class1/images/C1L16-Support.jpg
1,17,all,apply for a job,,,C1L17-apply-for-a-job.jpg,class1/images/C1L17-apply-for-a-job.jpg
1,17,all,compare,,,C1L17-compare.jpg,class1/images/C1L17-compare.jpg
1,17,all,complain,,,C1L17-complain.jpg,class1/images/C1L17-complain.jpg
1,17,all,imagine,,,C1L17-imagine.jpg,class1/images/C1L17-imagine.jpg
1,17,all,encourage,,,C1L17-encourage.jpg,class1/images/C1L17-encourage.jpg
1,17,all,attract,,,C1L17-attract.jpg,class1/images/C1L17-attract.jpg
1,17,all,deserve,,,C1L17-deserve.jpg,class1/images/C1L17-deserve.jpg
1,17,all,develop,,,C1L17-develop.jpg,class1/images/C1L17-develop.jpg
1,17,all,improve,,,C1L17-improve.jpg,class1/images/C1L17-improve.jpg
1,17,all,allow,,,C1L17-allow.jpg,class1/images/C1L17-allow.jpg
1,17,all,prepare,,,C1L17-prepare.jpg,class1/images/C1L17-prepare.jpg
1,17,all,realize,,,C1L17-realize.jpg,class1/images/C1L17-realize.jpg
1,17,all,solve,,,C1L17-solve.jpg,class1/images/C1L17-solve.jpg
1,17,all,discover,,,C1L17-discover.jpg,class1/images/C1L17-discover.jpg
1,17,all,invest,,,C1L17-invest.jpg,class1/images/C1L17-invest.jpg
1,17,all,agree,,,C1L17-agree.jpg,class1/images/C1L17-agree.jpg
1,17,all,collect,,,C1L17-collect.jpg,class1/images/C1L17-collect.jpg
1,17,all,experience,,,C1L17-experience.jpg,class1/images/C1L17-experience.jpg
1,17,all,propose to,,,C1L17-propose-to.jpg,class1/images/C1L17-propose-to.jpg
1,17,all,take part in,,,C1L17-take-part-in.jpg,class1/images/C1L17-take-part-in.jpg
1,17,all,apply for a job,,,C1L17-apply-for-a-job.jpg,class1/images/C1L17-apply-for-a-job.jpg
1,17,all,stay in touch,,,C1L17-stay-in-touch.jpg,class1/images/C1L17-stay-in-touch.jpg
1,17,all,give someone a hand,,,C1L17-give-someone-a-hand.jpg,class1/images/C1L17-give-someone-a-hand.jpg
2,18,all,jealous,,,C2L18-jealous.jpg,class2/images/C2L18-jealous.jpg
2,18,all,confident,,,C2L18-confident.jpg,class2/images/C2L18-confident.jpg
2,18,all,curious,,,C2L18-curious.jpg,class2/images/C2L18-curious.jpg
2,18,all,happy,,,C2L18-happy.jpg,class2/images/C2L18-happy.jpg
2,18,all,blessed,,,C2L18-blessed.jpg,class2/images/C2L18-blessed.jpg
2,18,all,glad,,,C2L18-glad.jpg,class2/images/C2L18-glad.jpg
2,18,all,tired,,,C2L18-tired.jpg,class2/images/C2L18-tired.jpg
2,18,all,surprised,,,C2L18-surprised.jpg,class2/images/C2L18-surprised.jpg
2,18,all,depressed,,,C2L18-depressed.jpg,class2/images/C2L18-depressed.jpg
2,18,all,hopeful,,,C2L18-hopeful.jpg,class2/images/C2L18-hopeful.jpg
2,18,all,cheerful,,,C2L18-cheerful.jpg,class2/images/C2L18-cheerful.jpg
2,18,all,peaceful,,,C2L18-peaceful.jpg,class2/images/C2L18-peaceful.jpg
2,18,all,calm,,,C2L18-calm.jpg,class2/images/C2L18-calm.jpg
2,18,all,angry,,,C2L18-angry.jpg,class2/images/C2L18-angry.jpg
2,18,all,bored,,,C2L18-bored.jpg,class2/images/C2L18-bored.jpg
2,18,all,cautious,,,C2L18-cautious.jpg,class2/images/C2L18-cautious.jpg
2,18,all,frustrated,,,C2L18-frustrated.jpg,class2/images/C2L18-frustrated.jpg
2,18,all,shocked,,,C2L18-shocked.jpg,class2/images/C2L18-shocked.jpg
2,18,all,disappointed,,,C2L18-disappointed.jpg,class2/images/C2L18-disappointed.jpg
2,18,all,annoyed,,,C2L18-annoyed.jpg,class2/images/C2L18-annoyed.jpg
2,18,all,pissed off,,,C2L18-pissed-off.jpg,class2/images/C2L18-pissed-off.jpg
2,18,all,lonely,,,C2L18-lonely.jpg,class2/images/C2L18-lonely.jpg
2,18,all,neutral,,,C2L18-neutral.jpg,class2/images/C2L18-neutral.jpg
2,18,all,frightened,,,C2L18-frightened.jpg,class2/images/C2L18-frightened.jpg
2,18,all,guilty,,,C2L18-guilty.jpg,class2/images/C2L18-guilty.jpg
2,18,all,ashamed,,,C2L18-ashamed.jpg,class2/images/C2L18-ashamed.jpg
2,18,all,hysterical,,,C2L18-hysterical.jpg,class2/images/C2L18-hysterical.jpg
2,18,all,sad - downhearted,,,C2L18-sad-downhearted.jpg,class2/images/C2L18-sad-downhearted.jpg
2,18,all,depressed,,,C2L18-depressed.jpg,class2/images/C2L18-depressed.jpg
2,18,all,scared,,,C2L18-scared.jpg,class2/images/C2L18-scared.jpg
2,18,all,satisfied,,,C2L18-satisfied.jpg,class2/images/C2L18-satisfied.jpg
2,18,all,excited,,,C2L18-excited.jpg,class2/images/C2L18-excited.jpg
2,18,all,embarrassed,,,C2L18-embarrassed.jpg,class2/images/C2L18-embarrassed.jpg
2,18,all,mad,,,C2L18-mad.jpg,class2/images/C2L18-mad.jpg
2,18,all,worried,,,C2L18-worried.jpg,class2/images/C2L18-worried.jpg
2,18,all,exhausted,,,C2L18-exhausted.jpg,class2/images/C2L18-exhausted.jpg
2,18,all,confused,,,C2L18-confused.jpg,class2/images/C2L18-confused.jpg
2,18,all,shy,,,C2L18-shy.jpg,class2/images/C2L18-shy.jpg
2,18,all,disgusted,,,C2L18-disgusted.jpg,class2/images/C2L18-disgusted.jpg
2,18,all,anxious,,,C2L18-anxious.jpg,class2/images/C2L18-anxious.jpg
2,18,all,empty,,,C2L18-empty.jpg,class2/images/C2L18-empty.jpg
2,18,all,lost,,,C2L18-lost.jpg,class2/images/C2L18-lost.jpg
2,18,all,relieved,,,C2L18-relieved.jpg,class2/images/C2L18-relieved.jpg
1,18,bedroom,Bed,,,C1L18-Bed.jpg,class1/images/C1L18-Bed.jpg
1,18,bedroom,Picture,,,C1L18-Picture.jpg,class1/images/C1L18-Picture.jpg
1,18,bedroom,Flower vase,,,C1L18-Flower-vase.jpg,class1/images/C1L18-Flower-vase.jpg
1,18,bedroom,Shelf,,,C1L18-Shelf.jpg,class1/images/C1L18-Shelf.jpg
1,18,bedroom,Lamp,,,C1L18-Lamp.jpg,class1/images/C1L18-Lamp.jpg
1,18,bedroom,Pillow,,,C1L18-Pillow.jpg,class1/images/C1L18-Pillow.jpg
1,18,bedroom,Blanket,,,C1L18-Blanket.jpg,class1/images/C1L18-Blanket.jpg
1,18,bedroom,Alarm clock,,,C1L18-Alarm-clock.jpg,class1/images/C1L18-Alarm-clock.jpg
1,18,bedroom,Dresser,,,C1L18-Dresser.jpg,class1/images/C1L18-Dresser.jpg
1,18,bedroom,Teddy bear,,,C1L18-Teddy-bear.jpg,class1/images/C1L18-Teddy-bear.jpg
1,18,bathroom,Curtain,,,C1L18-Curtain.jpg,class1/images/C1L18-Curtain.jpg
1,18,bathroom,Window,,,C1L18-Window.jpg,class1/images/C1L18-Window.jpg
1,18,bathroom,Faucet,,,C1L18-Faucet.jpg,class1/images/C1L18-Faucet.jpg
1,18,bathroom,Bathtub,,,C1L18-Bathtub.jpg,class1/images/C1L18-Bathtub.jpg
1,18,bathroom,Sink,,,C1L18-Sink.jpg,class1/images/C1L18-Sink.jpg
1,18,bathroom,Towel,,,C1L18-Towel.jpg,class1/images/C1L18-Towel.jpg
1,18,bathroom,Mirror,,,C1L18-Mirror.jpg,class1/images/C1L18-Mirror.jpg
1,18,bathroom,Towel rack,,,C1L18-Towel-rack.jpg,class1/images/C1L18-Towel-rack.jpg
1,18,bathroom,Toilet,,,C1L18-Toilet.jpg,class1/images/C1L18-Toilet.jpg
1,18,bathroom,Toilet paper,,,C1L18-Toilet-paper.jpg,class1/images/C1L18-Toilet-paper.jpg
1,18,bathroom,Shampoo,,,C1L18-Shampoo.jpg,class1/images/C1L18-Shampoo.jpg
1,18,bathroom,Soap,,,C1L18-Soap.jpg,class1/images/C1L18-Soap.jpg
1,18,bathroom,Toothbrush,,,C1L18-Toothbrush.jpg,class1/images/C1L18-Toothbrush.jpg
1,18,bathroom,Toothpaste,,,C1L18-Toothpaste.jpg,class1/images/C1L18-Toothpaste.jpg
1,18,kitchen,Pan,,,C1L18-Pan.jpg,class1/images/C1L18-Pan.jpg
1,18,kitchen,Pot,,,C1L18-Pot.jpg,class1/images/C1L18-Pot.jpg
1,18,kitchen,Cooker,,,C1L18-Cooker.jpg,class1/images/C1L18-Cooker.jpg
1,18,kitchen,Cupboard,,,C1L18-Cupboard.jpg,class1/images/C1L18-Cupboard.jpg
1,18,kitchen,Cutting board,,,C1L18-Cutting-board.jpg,class1/images/C1L18-Cutting-board.jpg
1,18,kitchen,Knife,,,C1L18-Knife.jpg,class1/images/C1L18-Knife.jpg
1,18,kitchen,Blender,,,C1L18-Blender.jpg,class1/images/C1L18-Blender.jpg
1,18,kitchen,Sink,,,C1L18-Sink.jpg,class1/images/C1L18-Sink.jpg
1,18,kitchen,Dishwasher,,,C1L18-Dishwasher.jpg,class1/images/C1L18-Dishwasher.jpg
1,18,kitchen,Freezer,,,C1L18-Freezer.jpg,class1/images/C1L18-Freezer.jpg
1,18,kitchen,Fridge,,,C1L18-Fridge.jpg,class1/images/C1L18-Fridge.jpg
1,18,kitchen,Microwave,,,C1L18-Microwave.jpg,class1/images/C1L18-Microwave.jpg
1,18,kitchen,Oven,,,C1L18-Oven.jpg,class1/images/C1L18-Oven.jpg
1,18,livingroom,Chair,,,C1L18-Chair.jpg,class1/images/C1L18-Chair.jpg
1,18,livingroom,Armchair,,,C1L18-Armchair.jpg,class1/images/C1L18-Armchair.jpg
1,18,livingroom,Rocking chair,,,C1L18-Rocking-chair.jpg,class1/images/C1L18-Rocking-chair.jpg
1,18,livingroom,Stool,,,C1L18-Stool.jpg,class1/images/C1L18-Stool.jpg
1,18,livingroom,Book,,,C1L18-Book.jpg,class1/images/C1L18-Book.jpg
1,18,livingroom,Couch,,,C1L18-Couch.jpg,class1/images/C1L18-Couch.jpg
1,18,livingroom,Sofa,,,C1L18-Sofa.jpg,class1/images/C1L18-Sofa.jpg
1,18,livingroom,Cushion,,,C1L18-Cushion.jpg,class1/images/C1L18-Cushion.jpg
1,18,livingroom,Fireplace,,,C1L18-Fireplace.jpg,class1/images/C1L18-Fireplace.jpg
1,18,livingroom,Coffee table,,,C1L18-Coffee-table.jpg,class1/images/C1L18-Coffee-table.jpg
1,18,livingroom,Rug,,,C1L18-Rug.jpg,class1/images/C1L18-Rug.jpg